{"JobID": "ADCB_AbqImp", "Length": 100, "Width": 25, "tTop": 1.5, "tBot": 5.1, "tCz": 0.2, "Crack": 60, "DensityBulkTop": 1.8e-09, "ETop": [109000.0, 8819.0, 8819.0, 0.34, 0.34, 0.38, 4315.0, 4315.0, 3200.0], "DensityBulkBot": 1.8e-09, "EBot": [109000.0, 8819.0, 8819.0, 0.34, 0.34, 0.38, 4315.0, 4315.0, 3200.0], "DensityCz": 1.8e-09, "StiffnessCz": 1250, "GcNormal": 0.42, "GcShear": 4.2, "gFailureNormal": 0.2, "gFailureShear": 0.2, "MeshCrack": 3, "MeshX": 1, "MeshZ": 0.6, "Displacement": [0.0, 2.0, 4.0, 6.0, 8.0, 10.0, 12.0, 14.0, 16.0, 18.0, 20.0], "nCpu": 1, "nGpu": 0, "userSub": {"type": "None", "path": "C:\\Users\\nandi\\Documents\\Abaqus Work Directory\\MixedMode\\FDF.for", "intProp": []}, "submit": true, "bkPower": 2.8103221161291003, "NodeSet": ["Node ASSEMBLY.2"], "Reaction Force": [0.0, 17.2500331765394, 33.08018457475526, 47.39847780314658, 59.11923050927596, 62.58493093763735, 62.48950959989038, 60.580583802698186, 57.82714486388642, 54.58977818510519, 39.61444236730786], "Crack Length": [63.670340334096394, 64.57281695158345, 65.5709624918642, 67.05205329722462, 70.88693079152927, 75.3836287588629, 80.19910960764182, 85.17415785483028, 90.31557165945445], "Fracture Resistance": [0.032357242639441536, 0.12238379435142432, 0.25906583264773014, 0.4214027365688585, 0.5277027905564498, 0.5948250128562771, 0.6326171313926257, 0.6500401522521234, 0.6512458213941167]}
{"JobID": "ADCB_AbqImp", "Length": 100, "Width": 25, "tTop": 1.5, "tBot": 5.1, "tCz": 0.2, "Crack": 60, "DensityBulkTop": 1.8e-09, "ETop": [109000.0, 8819.0, 8819.0, 0.34, 0.34, 0.38, 4315.0, 4315.0, 3200.0], "DensityBulkBot": 1.8e-09, "EBot": [109000.0, 8819.0, 8819.0, 0.34, 0.34, 0.38, 4315.0, 4315.0, 3200.0], "DensityCz": 1.8e-09, "StiffnessCz": 1250, "GcNormal": 0.42, "GcShear": 4.2, "gFailureNormal": 0.2, "gFailureShear": 0.2, "MeshCrack": 3, "MeshX": 1, "MeshZ": 0.6, "Displacement": [0.0, 2.0, 4.0, 6.0, 8.0, 10.0, 12.0, 14.0, 16.0, 18.0, 20.0], "nCpu": 1, "nGpu": 0, "userSub": {"type": "None", "path": "C:\\Users\\nandi\\Documents\\Abaqus Work Directory\\MixedMode\\FDF.for", "intProp": []}, "submit": true, "bkPower": 2.025115605443716, "NodeSet": ["Node ASSEMBLY.2"], "Reaction Force": [0.0, 17.2500331765394, 33.100661751546546, 47.51359225505154, 59.68736410542614, 64.49389465642716, 64.94019627581895, 63.36757541731111, 60.70905328284887, 57.575517893062575, 52.86291241859667], "Crack Length": [63.670340334096394, 64.55943691856771, 65.51772723759203, 66.83771216987004, 70.17778928366852, 74.41989328846869, 79.00207253196714, 83.80081108426867, 88.72279313258386], "Fracture Resistance": [0.032357242639441536, 0.12248469844664284, 0.25990414012790425, 0.42680508387428145, 0.549251195258019, 0.6261024833003721, 0.6716855529606827, 0.6935590757506348, 0.6991361696926313]}
{"JobID": "ADCB_AbqImp", "Length": 100, "Width": 25, "tTop": 1.5, "tBot": 5.1, "tCz": 0.2, "Crack": 60, "DensityBulkTop": 1.8e-09, "ETop": [109000.0, 8819.0, 8819.0, 0.34, 0.34, 0.38, 4315.0, 4315.0, 3200.0], "DensityBulkBot": 1.8e-09, "EBot": [109000.0, 8819.0, 8819.0, 0.34, 0.34, 0.38, 4315.0, 4315.0, 3200.0], "DensityCz": 1.8e-09, "StiffnessCz": 1250, "GcNormal": 0.42, "GcShear": 4.2, "gFailureNormal": 0.2, "gFailureShear": 0.2, "MeshCrack": 3, "MeshX": 1, "MeshZ": 0.6, "Displacement": [0.0, 2.0, 4.0, 6.0, 8.0, 10.0, 12.0, 14.0, 16.0, 18.0, 20.0], "nCpu": 1, "nGpu": 0, "userSub": {"type": "None", "path": "C:\\Users\\nandi\\Documents\\Abaqus Work Directory\\MixedMode\\FDF.for", "intProp": []}, "submit": true, "bkPower": 2.2898301780223846, "NodeSet": ["Node ASSEMBLY.2"], "Reaction Force": [0.0, 17.2500331765394, 33.092191931119736, 47.461774956430055, 59.42568197338149, 63.82830746919007, 63.91242745396668, 62.038671999553316, 59.31230188831933, 56.14759325981365, 49.39942959860202], "Crack Length": [63.670340334096394, 64.56496986366147, 65.5416691242872, 66.93609854068242, 70.4218302843196, 74.81806647918519, 79.5639089665905, 84.45531377346094, 89.47045043169994], "Fracture Resistance": [0.032357242639441536, 0.1224429597389945, 0.2595267034134152, 0.4243146390915012, 0.541713701814444, 0.6129367989607613, 0.652984104453152, 0.6723793852262874, 0.67612706497633]}
